operation,sample_ms
keygen,16876.685875
keygen,8537.580125
keygen,59875.088084
keygen,42719.879917
keygen,23426.699416
keygen,19557.076458
keygen,45090.951625
keygen,30171.405000
keygen,6324.831166
keygen,28838.312042
sign,108.625125
sign,107.786083
sign,107.735458
sign,107.543250
sign,107.818750
sign,107.738500
sign,107.976458
sign,108.016250
sign,108.000917
sign,107.923250
sign,108.061875
sign,107.904042
sign,144.720750
sign,107.380791
sign,107.583375
sign,107.673750
sign,108.218750
sign,107.712083
sign,107.928042
sign,107.899042
sign,107.833250
sign,107.948250
sign,107.791459
sign,108.142000
sign,109.213000
sign,107.728208
sign,107.608042
sign,107.875250
sign,108.458667
sign,108.163167
sign,107.921667
sign,107.894375
sign,107.852083
sign,107.878750
sign,108.064125
sign,107.796167
sign,107.756042
sign,107.904084
sign,108.513500
sign,107.880208
sign,107.709792
sign,107.867667
sign,107.958708
sign,107.745916
sign,146.004667
sign,108.097209
sign,108.464875
sign,108.138458
sign,110.778917
sign,108.699959
sign,107.945041
sign,110.427208
sign,112.482209
sign,108.174625
sign,108.340834
sign,108.004041
sign,107.738917
sign,107.834292
sign,107.654667
sign,107.758458
sign,111.572833
sign,108.510292
sign,109.325917
sign,110.932541
sign,109.698291
sign,107.807500
sign,107.660125
sign,108.218625
sign,108.638958
sign,108.971542
sign,108.328917
sign,107.683833
sign,107.657833
sign,108.275667
sign,108.031583
sign,107.716125
sign,145.585500
sign,108.037125
sign,107.859167
sign,108.047417
sign,107.972958
sign,107.777958
sign,107.818584
sign,107.692583
sign,107.656541
sign,107.534792
sign,108.034292
sign,107.667667
sign,108.027000
sign,109.216916
sign,108.520667
sign,107.639541
sign,107.607334
sign,108.096959
sign,108.270000
sign,107.978750
sign,107.666917
sign,108.129917
sign,107.951209
sign,107.798666
sign,108.333208
sign,107.800917
sign,107.824541
sign,107.731834
sign,107.655291
sign,107.786333
sign,108.140625
sign,107.913417
sign,146.127584
sign,108.095750
sign,107.980084
sign,107.699167
sign,107.814375
sign,107.889708
sign,107.881375
sign,107.764708
sign,107.656292
sign,107.568792
sign,107.906750
sign,107.732875
sign,107.704541
sign,107.733708
sign,107.968667
sign,107.652583
sign,107.591125
sign,108.025167
sign,109.397041
sign,108.315791
sign,107.711042
sign,107.946625
sign,108.037459
sign,108.398959
sign,108.312250
sign,108.191333
sign,109.001084
sign,108.054708
sign,107.685708
sign,107.573041
sign,107.751083
sign,108.045000
sign,145.710459
sign,107.599459
sign,107.587708
sign,108.264000
sign,110.022375
sign,109.620917
sign,108.543625
sign,108.313167
sign,108.264792
sign,108.132791
sign,108.079458
sign,107.934959
sign,107.972333
sign,107.760167
sign,143.260042
sign,108.294792
sign,107.721083
sign,107.803959
sign,108.436834
sign,112.242791
sign,109.628209
sign,109.992333
sign,108.594875
sign,107.794208
sign,107.823417
sign,107.708458
sign,107.926750
sign,107.772833
sign,107.654292
sign,109.016833
sign,107.957500
sign,107.696875
sign,147.225375
sign,110.345167
sign,117.367542
sign,110.873250
sign,109.713916
sign,108.801125
sign,108.573000
sign,115.101083
sign,107.966500
sign,109.899917
sign,110.796750
sign,108.455125
sign,108.344125
sign,108.254375
sign,108.613209
sign,107.976083
sign,107.968292
sign,107.628791
sign,108.444375
sign,107.933167
sign,107.950958
sign,108.111500
sign,107.762250
sign,107.529625
sign,114.289500
sign,107.987917
sign,110.756708
sign,109.702791
verify,0.728833
verify,0.719958
verify,0.721375
verify,0.734250
verify,0.735667
verify,0.722417
verify,0.728125
verify,0.723125
verify,0.751084
verify,0.717959
verify,0.723459
verify,0.716166
verify,0.834000
verify,0.721834
verify,0.720417
verify,0.717791
verify,0.722709
verify,0.720750
verify,0.679584
verify,0.682792
verify,0.721000
verify,0.679333
verify,0.716916
verify,0.710625
verify,0.714416
verify,0.720750
verify,0.761083
verify,0.691000
verify,0.710250
verify,0.670208
verify,0.719958
verify,0.704542
verify,0.720584
verify,0.719750
verify,0.721166
verify,0.720833
verify,0.720834
verify,0.719500
verify,0.720708
verify,0.720166
verify,0.723166
verify,0.718500
verify,0.720166
verify,0.720125
verify,0.718958
verify,0.719375
verify,0.721708
verify,0.717833
verify,0.720167
verify,0.733459
verify,0.720917
verify,0.723458
verify,0.719167
verify,0.721750
verify,0.727750
verify,0.727125
verify,0.721334
verify,0.722000
verify,0.719709
verify,0.726666
verify,0.722584
verify,0.723625
verify,0.726167
verify,0.717291
verify,0.727042
verify,0.718250
verify,0.724417
verify,0.724875
verify,0.722209
verify,0.719375
verify,0.722625
verify,0.721250
verify,0.741833
verify,0.684458
verify,0.676458
verify,0.713792
verify,0.708708
verify,0.717125
verify,0.717959
verify,0.714417
verify,0.731750
verify,0.663500
verify,0.726583
verify,0.713125
verify,0.722292
verify,0.732959
verify,0.725417
verify,0.721542
verify,0.718208
verify,0.717875
verify,0.722625
verify,0.716792
verify,0.719625
verify,0.721708
verify,0.723417
verify,0.724083
verify,0.718625
verify,0.719333
verify,0.723167
verify,0.720000
verify,0.728958
verify,0.720625
verify,0.722959
verify,0.720750
verify,0.719792
verify,0.722875
verify,0.724958
verify,0.727625
verify,0.720209
verify,0.720458
verify,0.727750
verify,0.718791
verify,0.721792
verify,0.718792
verify,0.728334
verify,0.718416
verify,0.718416
verify,0.722625
verify,0.726333
verify,0.718583
verify,0.721750
verify,0.717583
verify,0.723167
verify,0.720666
verify,0.720792
verify,0.722250
verify,0.720208
verify,0.720000
verify,0.728416
verify,0.721250
verify,0.768667
verify,0.721542
verify,0.721458
verify,0.719625
verify,0.720958
verify,0.718209
verify,0.723708
verify,0.718834
verify,0.720708
verify,0.719208
verify,0.722041
verify,0.724916
verify,0.719209
verify,0.718291
verify,0.722291
verify,0.718916
verify,0.720666
verify,0.721833
verify,0.717750
verify,0.728458
verify,0.724250
verify,0.719291
verify,0.722666
verify,0.718500
verify,0.719625
verify,0.724792
verify,0.728041
verify,0.718666
verify,0.723083
verify,0.718500
verify,0.718667
verify,0.727791
verify,0.723833
verify,0.718125
verify,0.731625
verify,0.718458
verify,0.706958
verify,0.711708
verify,0.721042
verify,0.710625
verify,0.720916
verify,0.718500
verify,0.730333
verify,0.727625
verify,0.724334
verify,0.732000
verify,0.721291
verify,0.723000
verify,0.732708
verify,0.720375
verify,0.723125
verify,0.718209
verify,0.721750
verify,0.722667
verify,0.719583
verify,0.721958
verify,0.720959
verify,0.719083
verify,0.746959
verify,0.681292
verify,0.719375
verify,0.722500
verify,0.721000
verify,0.718583
verify,0.723292
verify,0.719667
verify,0.721833
verify,0.718459
verify,0.728541
verify,0.722209
verify,0.719583
verify,0.728750
verify,0.721584
verify,0.719291
verify,0.722958
verify,0.730292
verify,0.729583
verify,0.722875
verify,0.725208
verify,0.721625
verify,0.723416
verify,0.734083
verify,0.697167
verify,0.709542
verify,0.707208
verify,0.718167
verify,0.712667
verify,0.721375
verify,0.728125
verify,0.736208
verify,0.723417
verify,0.720708
verify,0.719208
verify,0.720167
verify,0.721459
verify,0.726834
verify,0.720000
verify,0.720209
verify,0.717666
verify,0.722500
verify,0.719750
verify,0.723792
verify,0.722416
verify,0.720542
verify,0.732167
verify,0.689958
verify,0.700000
verify,0.691625
verify,0.719125
verify,0.711709
verify,0.716625
verify,0.711917
verify,0.713000
verify,0.719084
verify,0.711833
verify,0.720500
verify,0.702875
verify,0.717333
verify,0.710250
verify,0.715375
verify,0.719542
verify,0.715125
verify,0.719000
verify,0.713458
verify,0.719917
verify,0.719833
verify,0.718500
verify,0.726417
verify,0.718917
verify,0.718459
verify,0.719667
verify,0.719917
verify,0.720792
verify,0.720042
verify,0.719042
verify,0.719833
verify,0.718542
verify,0.719834
verify,0.719458
verify,0.720791
verify,0.719958
verify,0.719083
verify,0.718584
verify,0.720750
verify,0.729458
verify,0.718459
verify,0.727458
verify,0.720625
verify,0.718292
verify,0.725625
verify,0.733125
verify,0.727250
verify,0.722000
verify,0.719125
verify,0.722250
verify,0.721625
verify,0.717375
verify,0.723000
verify,0.718708
verify,0.720417
verify,0.732208
verify,0.719917
verify,0.718583
verify,0.722667
verify,0.718959
verify,0.722416
verify,0.719958
verify,0.725167
verify,0.722208
verify,0.718709
verify,0.718541
verify,0.722959
verify,0.719709
verify,0.732000
verify,0.720375
verify,0.720875
verify,0.721625
verify,0.717875
verify,0.718292
verify,0.722750
verify,0.720333
verify,0.718833
verify,0.720875
verify,0.719917
verify,0.718292
verify,0.723041
verify,0.718667
verify,0.724542
verify,0.719208
verify,0.718625
verify,0.721666
verify,0.721459
verify,0.720125
verify,0.723583
verify,0.718667
verify,0.718875
verify,0.724458
verify,0.719792
verify,0.720792
verify,0.721667
verify,0.718666
verify,0.725750
verify,0.718917
verify,0.719625
verify,0.720750
verify,0.720291
verify,0.718875
verify,0.730125
verify,0.720458
verify,0.722333
verify,0.728250
verify,0.724750
verify,0.729916
verify,0.720666
verify,0.725584
verify,0.723708
verify,0.718834
verify,0.736375
verify,0.718709
verify,0.726833
verify,0.723292
verify,0.720625
verify,0.720708
verify,0.724042
verify,0.722750
verify,0.722292
verify,0.720708
verify,0.726000
verify,0.722084
verify,0.725458
verify,0.722250
verify,0.725458
verify,0.720625
verify,0.718834
verify,0.721750
verify,0.725125
verify,0.722625
verify,0.723333
verify,0.725167
verify,0.719500
verify,0.721125
verify,0.730250
verify,0.722125
verify,0.729166
verify,0.718708
verify,0.725875
verify,0.721291
verify,0.728584
verify,0.718250
verify,0.722333
verify,0.722667
verify,0.729041
verify,0.718750
verify,0.717958
verify,0.726042
verify,0.720959
verify,0.723458
verify,0.719583
verify,0.725625
verify,0.723666
verify,0.718667
verify,0.727750
verify,0.719958
verify,0.723417
verify,0.723500
verify,0.727542
verify,0.733458
verify,0.722833
verify,0.717584
verify,0.718375
verify,0.723709
verify,0.722375
verify,0.721416
verify,0.719375
verify,0.717791
verify,0.722875
verify,0.718625
verify,0.719541
verify,0.720083
verify,0.720667
verify,0.718375
verify,0.720292
verify,0.722125
verify,0.723375
verify,0.725792
verify,0.727291
verify,0.727333
verify,0.720417
verify,0.719125
verify,0.729834
verify,0.718000
verify,0.721750
verify,0.719583
verify,0.721125
verify,0.719375
verify,0.720916
verify,0.719208
verify,0.720750
verify,0.719834
verify,0.720292
verify,0.719667
verify,0.722875
verify,0.718125
verify,0.729125
verify,0.718583
verify,0.721250
verify,0.721000
verify,0.730292
verify,0.723209
verify,0.735958
verify,0.721125
verify,0.720542
verify,0.730333
verify,0.725708
verify,0.716834
verify,0.723666
verify,0.722208
verify,0.719167
verify,0.720125
verify,0.722709
verify,0.732375
verify,0.719542
verify,0.718250
verify,0.719709
verify,0.720291
verify,0.720500
verify,0.721166
verify,0.720750
verify,0.718625
verify,0.719500
verify,0.719375
verify,0.720667
verify,0.719292
verify,0.719917
verify,0.719041
verify,0.730625
verify,0.720250
verify,0.720750
verify,0.718458
verify,0.720625
verify,0.720541
verify,0.719583
verify,0.719000
verify,0.722334
verify,0.720083
verify,0.718625
verify,0.719375
verify,0.721667
verify,0.718708
verify,0.720125
verify,0.718625
verify,0.720459
verify,0.718458
verify,0.721084
verify,0.720416
verify,0.721583
verify,0.718959
verify,0.719375
verify,0.739083
verify,0.706916
verify,0.711042
verify,0.720250
verify,0.717708
verify,0.724167
verify,0.717959
verify,0.723958
verify,0.718542
verify,0.722458
verify,0.722208
verify,0.718625
verify,0.731125
verify,0.723750
verify,0.727417
verify,0.727500
verify,0.723042
verify,0.728500
verify,0.720958
verify,0.720875
verify,0.764250
verify,0.721750
verify,0.720167
verify,0.826750
verify,0.810375
verify,0.706375
verify,0.714292
verify,0.708834
verify,0.721000
verify,0.739375
verify,0.709167
verify,0.714208
verify,0.713542
verify,0.711750
verify,0.720084
verify,0.702416
verify,0.718959
verify,0.714125
verify,0.739875
verify,0.715667
verify,0.728000
verify,0.727916
verify,0.714000
verify,0.724166
verify,0.716708
verify,0.721209
verify,0.751333
verify,0.720209
verify,0.723958
verify,0.723709
verify,0.724958
verify,0.726708
verify,0.719334
verify,0.720208
verify,0.722417
verify,0.721417
verify,0.733500
verify,0.726375
verify,0.719666
verify,0.720416
verify,0.724042
verify,0.757666
verify,0.719916
verify,0.718625
verify,0.722417
verify,0.719792
verify,0.720666
verify,0.722583
verify,0.721167
verify,0.743208
verify,0.723209
verify,0.724583
verify,0.720959
verify,0.722625
verify,0.719458
verify,0.721500
verify,0.724750
verify,0.722458
verify,0.719666
verify,0.732292
verify,0.719625
verify,0.723833
verify,0.722709
verify,0.719833
verify,0.720834
verify,0.721875
verify,0.722792
verify,0.721292
verify,0.728041
verify,0.732875
verify,0.775625
verify,0.703250
verify,0.714125
verify,0.708208
verify,0.715709
verify,0.713416
verify,0.721459
verify,0.722375
verify,0.716333
verify,0.705708
verify,0.715084
verify,0.719792
verify,0.726625
verify,0.751041
verify,0.681708
verify,0.678667
verify,0.720833
verify,0.715584
verify,0.722209
verify,0.708375
verify,0.717750
verify,0.721292
verify,0.720458
verify,0.721375
verify,0.741708
verify,0.753875
verify,0.727625
verify,0.723458
verify,0.724583
verify,0.731458
verify,0.737542
verify,0.718959
verify,0.720375
verify,0.718083
verify,0.720792
verify,0.732333
verify,0.733375
verify,0.721875
verify,0.718708
verify,0.721416
verify,0.721583
verify,0.728958
verify,0.719167
verify,0.723250
verify,0.717916
verify,0.722000
verify,0.718041
verify,0.741708
verify,0.734417
verify,0.722167
verify,0.723459
verify,0.728125
verify,0.718792
verify,0.718750
verify,0.718666
verify,0.720834
verify,0.718791
verify,0.720250
verify,0.719625
verify,0.721458
verify,0.718583
verify,0.722916
verify,0.721083
verify,0.720333
verify,0.717250
verify,0.723250
verify,0.718791
verify,0.723708
verify,0.729834
verify,0.724000
verify,0.720625
verify,0.739125
verify,0.720125
verify,0.729042
verify,0.719208
verify,0.726917
verify,0.722208
verify,0.727458
verify,0.720459
verify,0.721625
verify,0.718958
verify,0.721834
verify,0.717208
verify,0.731500
verify,0.722167
verify,0.721166
verify,0.724209
verify,0.718500
verify,0.718833
verify,0.721250
verify,0.718250
verify,0.730417
verify,0.721708
verify,0.719458
verify,0.726542
verify,0.722875
verify,0.722708
verify,0.726583
verify,0.719583
verify,0.718916
verify,0.717417
verify,0.719250
verify,0.718709
verify,0.721208
verify,0.717708
verify,0.720167
verify,0.721250
verify,0.725292
verify,0.722166
verify,0.717416
verify,0.716666
verify,0.728708
verify,0.719125
verify,0.718000
verify,0.720958
verify,0.719833
verify,0.719125
verify,0.726208
verify,0.718750
verify,0.724708
verify,0.722333
verify,0.722667
verify,0.721042
verify,0.719167
verify,0.725667
verify,0.721583
verify,0.718250
verify,0.721167
verify,0.730958
verify,0.721459
verify,0.720000
verify,0.721084
verify,0.719333
verify,0.720625
verify,0.718792
verify,0.721041
verify,0.722084
verify,0.719166
verify,0.724750
verify,0.722792
verify,0.729750
verify,0.723250
verify,0.701458
verify,0.684084
verify,0.722666
verify,0.705084
verify,0.719875
verify,0.714084
verify,0.719375
verify,0.732708
verify,0.718125
verify,0.719625
verify,0.703666
verify,0.718250
verify,0.711959
verify,0.723208
verify,0.719542
verify,0.720208
verify,0.721000
verify,0.720958
verify,0.719541
verify,0.721875
verify,0.730334
verify,0.729292
verify,0.762542
verify,0.754167
verify,0.730084
verify,0.734166
verify,0.733167
verify,0.735333
verify,0.754042
verify,0.734708
verify,0.733541
verify,0.775834
verify,0.732166
verify,0.731000
verify,0.729916
verify,0.734917
verify,0.731709
verify,0.732625
verify,0.730250
verify,0.730083
verify,0.734792
verify,0.737959
verify,0.730125
verify,0.731833
verify,0.740917
verify,0.698459
verify,0.713750
verify,0.709666
verify,0.729750
verify,0.719959
verify,0.729250
verify,0.732083
verify,0.729750
verify,0.729250
verify,0.729750
verify,0.731083
verify,0.729334
verify,0.731708
verify,0.738125
verify,0.731625
verify,0.728834
verify,0.737208
verify,0.729125
verify,0.741625
verify,0.717583
verify,0.724209
verify,0.718250
verify,0.737625
verify,0.723333
verify,0.720792
verify,0.718083
verify,0.721042
verify,0.730625
verify,0.723542
verify,0.720459
verify,0.720500
verify,0.721083
verify,0.715084
verify,0.720792
verify,0.719250
verify,0.719750
verify,0.723792
verify,0.718583
verify,0.717208
verify,0.721959
verify,0.719916
verify,0.724916
verify,0.719916
verify,0.719542
verify,0.722500
verify,0.734542
verify,0.711333
verify,0.687375
verify,0.708792
verify,0.717500
verify,0.721958
verify,0.718417
verify,0.728333
verify,0.718833
verify,0.719417
verify,0.717583
verify,0.719208
verify,0.719667
verify,0.718834
verify,0.719291
verify,0.721709
verify,0.721125
verify,0.718833
verify,0.718542
verify,0.719834
verify,0.718875
verify,0.721166
verify,0.717666
verify,0.743541
verify,0.720292
verify,0.718333
verify,0.717917
verify,0.724625
verify,0.722500
verify,0.728708
verify,0.719334
verify,0.724250
verify,0.734959
verify,0.718250
verify,0.718125
verify,0.722875
verify,0.720458
verify,0.721500
verify,0.720291
verify,0.720666
verify,0.729000
verify,0.735291
verify,0.748209
verify,0.694292
verify,0.702542
verify,0.732666
verify,0.729166
verify,0.714709
verify,0.724709
verify,0.723291
verify,0.718042
verify,0.722958
verify,0.741084
verify,0.727833
verify,0.720042
verify,0.724708
verify,0.727709
verify,0.736334
verify,0.721375
verify,0.726833
verify,0.739125
verify,0.721667
verify,0.721000
verify,0.718583
verify,0.728667
verify,0.723542
verify,0.720833
verify,0.720750
verify,0.742667
verify,0.742709
verify,0.743959
verify,0.722791
verify,0.729416
verify,0.721833
verify,0.718917
verify,0.720917
verify,0.727541
verify,0.725584
verify,0.720041
verify,0.721833
verify,0.749542
verify,0.730000
verify,0.717375
verify,0.728709
verify,0.720459
verify,0.719417
verify,0.718250
verify,0.724708
verify,0.734459
verify,0.718208
verify,0.717500
verify,0.721250
verify,0.744042
verify,0.719333
verify,0.719542
verify,0.720750
verify,0.717750
verify,0.728250
verify,0.718750
verify,0.719500
verify,0.717708
verify,0.718250
verify,0.718583
verify,0.736125
verify,0.717583
verify,0.718875
verify,0.717791
verify,0.719625
verify,0.718000
verify,0.718958
verify,0.759959
verify,0.726125
verify,0.719250
verify,0.720500
verify,0.718958
verify,0.738917
verify,0.719042
verify,0.729375
verify,0.720500
verify,0.719916
verify,0.717000
verify,0.727625
verify,0.718542
verify,0.720917
verify,0.720000
verify,0.719791
verify,0.718625
verify,0.725208
verify,0.731958
verify,0.744958
verify,0.722167
verify,0.719750
verify,0.718458
verify,0.721125
verify,0.719542
verify,0.721292
verify,0.722125
verify,0.722458
verify,0.743667
verify,0.729542
verify,0.726458
verify,0.721375
verify,0.729417
verify,0.719667
verify,0.720666
verify,0.718125
verify,0.720375
verify,0.723208
verify,0.720667
verify,0.721417
verify,0.718167
verify,0.721000
verify,0.723500
verify,0.718875
verify,0.719375
verify,0.721666
verify,0.718250
verify,0.722625
verify,0.719125
verify,0.721666
verify,0.723792
verify,0.737958
verify,0.720333
verify,0.719875
verify,0.717917
verify,0.729916
verify,0.721208
verify,0.720208
verify,0.720416
verify,0.720292
verify,0.719250
verify,0.721500
verify,0.718666
verify,0.720417
verify,0.719334
verify,0.721666
verify,0.720083
verify,0.720500
verify,0.719584
verify,0.721208
verify,0.725042
verify,0.721083
verify,0.720959
verify,0.723166
verify,0.726709
verify,0.722125
verify,0.724958
verify,0.724000
verify,0.720292
verify,0.720084
verify,0.738125
verify,0.723084
verify,0.721375
verify,0.722292
verify,0.737292
verify,0.724792
verify,0.720291
verify,0.721125
verify,0.751333
verify,0.739209
verify,0.707417
verify,0.853333
verify,0.742458
verify,0.706292
verify,0.713167
verify,0.720292
verify,0.717916
verify,0.764042
verify,0.760333
verify,0.695583
verify,0.679708
verify,0.724250
verify,0.714542
verify,0.721875
verify,0.722417
verify,0.706375
verify,0.722250
verify,0.711750
verify,0.718417
verify,0.718875
verify,0.718500
verify,0.720584
verify,0.719291
verify,0.745750
verify,0.732750
verify,0.726125
verify,0.724416
verify,0.720250
verify,0.721167
verify,0.720292
verify,0.734542
verify,0.724958
verify,0.719125
verify,0.720500
verify,0.723125
verify,0.720250
verify,0.720458
verify,0.718917
verify,0.719084
verify,0.723292
verify,0.723334
verify,0.731625
verify,0.720833
verify,0.719666
verify,0.720250
verify,0.721500
verify,0.719000
verify,0.722417
verify,0.719750
verify,0.720084
verify,0.721583
verify,0.720083
verify,0.726708
verify,0.737541
verify,0.722625
verify,0.723834
verify,0.718875
verify,0.720583
verify,0.720334
verify,0.721250
verify,0.720792
verify,0.722917
verify,0.718000
verify,0.718541
verify,0.718667
verify,0.720125
verify,0.722625
verify,0.725500
verify,0.722625
verify,0.736708
verify,0.726167
verify,0.723500
verify,0.722542
verify,0.720500
verify,0.718208
verify,0.723292
verify,0.731083
verify,0.728875
verify,0.721625
verify,0.721792
verify,0.726375
verify,0.721250
verify,0.721625
verify,0.721875
verify,0.723291
verify,0.722083
verify,0.719209
verify,0.728250
verify,0.722000
verify,0.719875
verify,0.725625
verify,0.721791
verify,0.722291
verify,0.721583
verify,0.727667
verify,0.721625
verify,0.720333
verify,0.723500
verify,0.725583
verify,0.730458
verify,0.721959
verify,0.724166
verify,0.723250
verify,0.721542
verify,0.719625
verify,0.727000
verify,0.724708
verify,0.725667
verify,0.720334
verify,0.727291
verify,0.717084
verify,0.753833
verify,0.725375
verify,0.723292
verify,0.726709
verify,0.737209
verify,0.722166
verify,0.728750
verify,0.722167
verify,0.764500
verify,0.725375
verify,0.735333
verify,0.720542
verify,0.722041
verify,0.714709
verify,0.720958
verify,0.730375
verify,0.736334
verify,0.721500
verify,0.724125
verify,0.719333
verify,0.713875
verify,0.721083
verify,0.761125
verify,0.721209
verify,0.723709
verify,0.719167
verify,0.723917
verify,0.726292
verify,0.720000
verify,0.727208
verify,0.721625
verify,0.719667
verify,0.725125
verify,0.741291
verify,0.736709
verify,0.723542
verify,0.720292
verify,0.721042
verify,0.718500
verify,0.725167
verify,0.721958
verify,0.719750
verify,0.719709
verify,0.720708
verify,0.723083
verify,0.730208
verify,0.721167
verify,0.719042
verify,0.722667
verify,0.730083
verify,0.719125
verify,0.721625
verify,0.720041
verify,0.718833
verify,0.723209
verify,0.718875
verify,0.727792
verify,0.730542
verify,0.720084
verify,0.724791
verify,0.720333
verify,0.718667
verify,0.722542
verify,0.727792
verify,0.721041
verify,0.720458
verify,0.726792
verify,0.723084
verify,0.720125
verify,0.720667
verify,0.722750
verify,0.717667
verify,0.720000
verify,0.723542
verify,0.718500
verify,0.718750
verify,0.722500
verify,0.723667
verify,0.722791
verify,0.720125
verify,0.732083
verify,0.721208
verify,0.719542
verify,0.718416
verify,0.721750
verify,0.718916
verify,0.718583
verify,0.720250
verify,0.729208
verify,0.721208
verify,0.724125
verify,0.724625
verify,0.723167
verify,0.732792
verify,0.719375
verify,0.722000
verify,0.719833
verify,0.720500
verify,0.718792
verify,0.718542
verify,0.723459
verify,0.718375
verify,0.722875
verify,0.727666
verify,0.724583
verify,0.724375
verify,0.719166
verify,0.718458
verify,0.724833
verify,0.718375
verify,0.719333
verify,0.722667
verify,0.720750
verify,0.719042
verify,0.721334
verify,0.718375
verify,0.718958
verify,0.721375
verify,0.719875
verify,0.729000
verify,0.719875
verify,0.718625
verify,0.722417
verify,0.718417
verify,0.719041
verify,0.721334
verify,0.720958
verify,0.735709
verify,0.719750
verify,0.719250
verify,0.721583
verify,0.718500
verify,0.728958
verify,0.720708
verify,0.719791
verify,0.717542
verify,0.722917
verify,0.721792
verify,0.721334
verify,0.723459
verify,0.719791
verify,0.718334
verify,0.720875
verify,0.718541
verify,0.720459
verify,0.718917
verify,0.723750
verify,0.717375
verify,0.720083
verify,0.718458
verify,0.729792
verify,0.720000
verify,0.721583
verify,0.717500
verify,0.719750
verify,0.717916
verify,0.720166
verify,0.719666
verify,0.719208
verify,0.718917
verify,0.721625
verify,0.717917
verify,0.719542
verify,0.719208
verify,0.723916
verify,0.719333
verify,0.719417
verify,0.718584
verify,0.720250
verify,0.719375
verify,0.744458
verify,0.729042
verify,0.748291
verify,0.727084
verify,0.723958
verify,0.719417
verify,0.728833
verify,0.721666
verify,0.720458
verify,0.722958
verify,0.720541
verify,0.717917
verify,0.719875
verify,0.729875
verify,0.723875
verify,0.723208
verify,0.719917
verify,0.721750
verify,0.749666
verify,0.680625
verify,0.711000
verify,0.682541
verify,0.721042
verify,0.714375
verify,0.702583
verify,0.722042
verify,0.720375
verify,0.718875
verify,0.719709
verify,0.715125
verify,0.704750
verify,0.712291
verify,0.734125
verify,0.702959
verify,0.721166
verify,0.712666
verify,0.720125
verify,0.717375
verify,0.714416
verify,0.719166
verify,0.713000
verify,0.719708
verify,0.721375
verify,0.718625
verify,0.718791
verify,0.718208
verify,0.722959
verify,0.718833
verify,0.720250
verify,0.730583
verify,0.720125
verify,0.718250
verify,0.718959
verify,0.719000
verify,0.723916
verify,0.719375
verify,0.722875
verify,0.717791
verify,0.720042
verify,0.719750
verify,0.725042
verify,0.726250
verify,0.720125
verify,0.729000
verify,0.722666
verify,0.725875
verify,0.722708
verify,0.721792
verify,0.719125
verify,0.721834
verify,0.723583
verify,0.721417
verify,0.724583
verify,0.723667
verify,0.720792
verify,0.722583
verify,0.719000
verify,0.719833
verify,0.723334
verify,0.718666
verify,0.718916
verify,0.720209
verify,0.723625
verify,0.721791
verify,0.768583
verify,0.718875
verify,0.722750
verify,0.727458
verify,0.722084
verify,0.721417
verify,0.719792
verify,0.722375
verify,0.720625
verify,0.718083
verify,0.721333
verify,0.725583
verify,0.719083
verify,0.722042
verify,0.720833
verify,0.718250
verify,0.722375
verify,0.729458
verify,0.720708
verify,0.721375
verify,0.720625
verify,0.719333
verify,0.736084
verify,0.721250
verify,0.765042
verify,0.681166
verify,0.681959
verify,0.713292
verify,0.677958
verify,0.717667
verify,0.714208
verify,0.718708
verify,0.718917
verify,0.732125
verify,0.759959
verify,0.722250
verify,0.739375
verify,0.712416
verify,0.743084
verify,0.657709
verify,0.704042
verify,0.708375
verify,0.701916
verify,0.720125
verify,0.722792
verify,0.755500
verify,0.726000
verify,0.682750
verify,0.668833
verify,0.716000
verify,0.715334
verify,0.709583
verify,0.740375
verify,0.660708
verify,0.697084
verify,0.704000
verify,0.703666
verify,0.740750
verify,0.737083
verify,0.718125
verify,0.727584
verify,0.719083
verify,0.722667
verify,0.722208
verify,0.719542
verify,0.718333
verify,0.727416
verify,0.717834
verify,0.729916
verify,0.719791
verify,0.721000
verify,0.722291
verify,0.718708
verify,0.720333
verify,0.722834
verify,0.718291
verify,0.719916
verify,0.721417
verify,0.719709
verify,0.718916
verify,0.726417
verify,0.740792
verify,0.689709
verify,0.697459
verify,0.719208
verify,0.707042
verify,0.712709
verify,0.720042
verify,0.713833
verify,0.719334
verify,0.719750
verify,0.718167
verify,0.711125
verify,0.719625
verify,0.719667
verify,0.720417
verify,0.720084
verify,0.717500
verify,0.721458
verify,0.719625
verify,0.720166
verify,0.718125
verify,0.721958
verify,0.720500
verify,0.739917
verify,0.674084
verify,0.695250
verify,0.705166
verify,0.720375
verify,0.711708
verify,0.722875
verify,0.709667
verify,0.721959
verify,0.721792
verify,0.722125
verify,0.721125
verify,0.719041
verify,0.726792
verify,0.726250
verify,0.718708
verify,0.726250
verify,0.722583
verify,0.733917
verify,0.718333
verify,0.719333
verify,0.733584
verify,0.728292
verify,0.734708
verify,0.720417
verify,0.729000
verify,0.719417
verify,0.719417
verify,0.726000
verify,0.762000
verify,0.779042
verify,0.733083
verify,0.726750
verify,0.683833
verify,0.719042
verify,0.719292
verify,0.710084
verify,0.719834
verify,0.734375
verify,0.740625
verify,0.717792
verify,0.722667
verify,0.719667
verify,0.721000
verify,0.718417
verify,0.719833
verify,0.742459
verify,0.785250
verify,0.716583
verify,0.716584
verify,0.718834
verify,0.716542
verify,0.729625
verify,0.720209
verify,0.720375
verify,0.721625
verify,0.723250
verify,0.727625
verify,0.721958
verify,0.718209
verify,0.721166
verify,0.744209
verify,0.739959
verify,0.721625
verify,0.719166
verify,0.720250
verify,0.722250
verify,0.718708
verify,0.721333
verify,0.733041
verify,0.688583
verify,0.696375
verify,0.684083
verify,0.709667
verify,0.714583
verify,0.719792
verify,0.710833
verify,0.722292
verify,0.710125
verify,0.713083
verify,0.728209
verify,0.726334
verify,0.723000
verify,0.728750
verify,0.725917
verify,0.720791
verify,0.719833
verify,0.718959
verify,0.722708
verify,0.718542
verify,0.721375
verify,0.722834
verify,0.749750
verify,0.726667
verify,0.721167
verify,0.720417
verify,0.722667
verify,0.728584
verify,0.721125
verify,0.721125
verify,0.733625
verify,0.719458
verify,0.721833
verify,0.722458
verify,0.722667
verify,0.720250
verify,0.724166
verify,0.722208
verify,0.720042
verify,0.719292
verify,0.719666
verify,0.722583
verify,0.722542
verify,0.719625
verify,0.722875
verify,0.726750
verify,0.722125
verify,0.657125
verify,0.713125
verify,0.702959
verify,0.715666
verify,0.719542
verify,0.672833
verify,0.693125
verify,0.679000
verify,0.718750
verify,0.714542
verify,0.729167
verify,0.714875
verify,0.713000
verify,0.731083
verify,0.663583
verify,0.723167
verify,0.719417
verify,0.699542
verify,0.720958
verify,0.723542
verify,0.718167
verify,0.724459
verify,0.730333
verify,0.680625
verify,0.681417
verify,0.724833
verify,0.706250
verify,0.703209
verify,0.707833
verify,0.703291
verify,0.717250
verify,0.710708
verify,0.723583
verify,0.730084
verify,0.753875
verify,0.719959
verify,0.719708
verify,0.723458
verify,0.718791
verify,0.725333
verify,0.732250
verify,0.729666
verify,0.719625
verify,0.720958
verify,0.719750
verify,0.727250
verify,0.718708
verify,0.726041
verify,0.720375
verify,0.720875
verify,0.719625
verify,0.719833
verify,0.719167
verify,0.721292
verify,0.719125
verify,0.733250
verify,0.721000
verify,0.724750
verify,0.721083
verify,0.721750
verify,0.720333
verify,0.731542
verify,0.722083
verify,0.719709
verify,0.722375
verify,0.719958
verify,0.720625
verify,0.722541
verify,0.733584
verify,0.724417
verify,0.721958
verify,0.731416
verify,0.724583
verify,0.729166
verify,0.726334
verify,0.720333
verify,0.720042
verify,0.722000
verify,0.723042
verify,0.731792
verify,0.719167
verify,0.727333
verify,0.729583
verify,0.719250
verify,0.723916
verify,0.724917
verify,0.718375
verify,0.720208
verify,0.721667
verify,0.730291
verify,0.727916
verify,0.731084
verify,0.712625
verify,0.683458
verify,0.718375
verify,0.707584
verify,0.710583
verify,0.730459
verify,0.726958
verify,0.730709
verify,0.721791
verify,0.728958
verify,0.710334
verify,0.724208
verify,0.719209
verify,0.724167
verify,0.719167
verify,0.730250
verify,0.725459
verify,0.728833
verify,0.734667
verify,0.722708
verify,0.724167
verify,0.720208
verify,0.726792
verify,0.720666
verify,0.718084
verify,0.719750
verify,0.718416
verify,0.721000
verify,0.719417
verify,0.719708
verify,0.720625
verify,0.720291
verify,0.719417
verify,0.722417
verify,0.719292
verify,0.719750
verify,0.717792
verify,0.719416
verify,0.720541
verify,0.719875
verify,0.718708
verify,0.722542
verify,0.721792
verify,0.722084
verify,0.719667
verify,0.729333
verify,0.723084
verify,0.719875
verify,0.719250
verify,0.723667
verify,0.718959
verify,0.723625
verify,0.721416
verify,0.721000
verify,0.721500
verify,0.725750
verify,0.718791
verify,0.722208
verify,0.717875
verify,0.720625
verify,0.723166
verify,0.718834
verify,0.729500
verify,0.721833
verify,0.720667
verify,0.724666
verify,0.719125
verify,0.718125
verify,0.721375
verify,0.726167
verify,0.718000
verify,0.721833
verify,0.717250
verify,0.726041
verify,0.718166
verify,0.718583
verify,0.727042
verify,0.720000
verify,0.719959
verify,0.723541
verify,0.720750
verify,0.719834
verify,0.730791
verify,0.720792
verify,0.725500
verify,0.721208
verify,0.722791
verify,0.729167
verify,0.721583
verify,0.720333
verify,0.726833
verify,0.721625
verify,0.725291
verify,0.722584
verify,0.718042
verify,0.723625
verify,0.724542
verify,0.721084
verify,0.720833
verify,0.720208
verify,0.719041
verify,0.733667
verify,0.717875
verify,0.724541
verify,0.719500
verify,0.731333
verify,0.719333
verify,0.725166
verify,0.719916
verify,0.722583
verify,0.733667
verify,0.721458
verify,0.726417
verify,0.719375
verify,0.726000
verify,0.729916
verify,0.718333
verify,0.728667
verify,0.733292
verify,0.718416
verify,0.723750
verify,0.733166
verify,0.718959
verify,0.722250
verify,0.734625
verify,0.723792
verify,0.719000
verify,0.726042
verify,0.722500
verify,0.720584
verify,0.725791
verify,0.722375
verify,0.717459
verify,0.719833
verify,0.720208
verify,0.721042
verify,0.719042
verify,0.721125
verify,0.731291
verify,0.720834
verify,0.719500
verify,0.721666
verify,0.719125
verify,0.718666
verify,0.718584
verify,0.727625
verify,0.720000
verify,0.723334
verify,0.728208
verify,0.724125
verify,0.728125
verify,0.733292
verify,0.721667
verify,0.724625
verify,0.728000
verify,0.720500
verify,0.721584
verify,0.728708
verify,0.727750
verify,0.721458
verify,0.720875
verify,0.727542
verify,0.718833
verify,0.720250
verify,0.717833
verify,0.730875
verify,0.721083
verify,0.718000
verify,0.718541
verify,0.723459
verify,0.720083
verify,0.729084
verify,0.722791
verify,0.720416
verify,0.722750
verify,0.719375
verify,0.719458
verify,0.722292
verify,0.717583
verify,0.732958
verify,0.720792
verify,0.719625
verify,0.722334
verify,0.732583
verify,0.727750
verify,0.721000
verify,0.717416
verify,0.719459
verify,0.722209
verify,0.723166
verify,0.719125
verify,0.722708
verify,0.717167
verify,0.742750
verify,0.720375
verify,0.718833
verify,0.721334
verify,0.720916
verify,0.728917
verify,0.723709
verify,0.734125
verify,0.719000
verify,0.722209
verify,0.719333
verify,0.721750
verify,0.720708
verify,0.718958
verify,0.733500
verify,0.720666
verify,0.720667
verify,0.723500
verify,0.719167
verify,0.719167
verify,0.722375
verify,0.718333
verify,0.723083
verify,0.718667
verify,0.720500
verify,0.720750
verify,0.719875
verify,0.718833
verify,0.725042
verify,0.717500
verify,0.720375
verify,0.720167
verify,0.721834
verify,0.720916
verify,0.719834
verify,0.725208
verify,0.722959
verify,0.725833
verify,0.718375
verify,0.725000
verify,0.728583
verify,0.718959
verify,0.723917
verify,0.725250
verify,0.723959
verify,0.742708
verify,0.722000
verify,0.720333
verify,0.719500
verify,0.728916
verify,0.722458
verify,0.718375
verify,0.724209
verify,0.718000
verify,0.718916
verify,0.722834
verify,0.720083
verify,0.718958
verify,0.729209
verify,0.718292
verify,0.727500
verify,0.721208
verify,0.718292
verify,0.718208
verify,0.724917
verify,0.720500
verify,0.731792
verify,0.720459
verify,0.721166
verify,0.723125
verify,0.720542
verify,0.717792
verify,0.722250
verify,0.726750
verify,0.722875
verify,0.718917
verify,0.720417
verify,0.731000
verify,0.721084
verify,0.718500
verify,0.722125
verify,0.728667
verify,0.718708
verify,0.729167
verify,0.719292
verify,0.722500
verify,0.723625
verify,0.720458
verify,0.724333
verify,0.724333
verify,0.721000
verify,0.721833
verify,0.720292
verify,0.719084
verify,0.722291
verify,0.719167
verify,0.747875
verify,0.731500
verify,0.723708
verify,0.723334
verify,0.720375
verify,0.720375
verify,0.723792
verify,0.719583
verify,0.725250
verify,0.731459
verify,0.735833
verify,0.720709
verify,0.720083
verify,0.720042
verify,0.722084
verify,0.723875
verify,0.722458
verify,0.721584
verify,0.732791
verify,0.721833
verify,0.720917
verify,0.720500
verify,0.721833
verify,0.729125
verify,0.720542
verify,0.720875
verify,0.719041
verify,0.720292
verify,0.723292
verify,0.729791
verify,0.724625
verify,0.739625
verify,0.823000
verify,0.738917
verify,0.700833
verify,0.703291
verify,0.706125
verify,0.712459
verify,0.704500
verify,0.734166
verify,0.710375
verify,0.721833
verify,0.702667
verify,0.712666
verify,0.711750
verify,0.707416
verify,0.718875
verify,0.712000
verify,0.724166
verify,0.729916
verify,0.721334
verify,0.722833
verify,0.727792
verify,0.722584
verify,0.716500
verify,0.731041
verify,0.764583
verify,0.707875
verify,0.695708
verify,0.732333
verify,0.714667
verify,0.723167
verify,0.713000
verify,0.722916
verify,0.720250
verify,0.720375
verify,0.728416
verify,0.734167
verify,0.721375
verify,0.720417
verify,0.723208
verify,0.742584
verify,0.741166
verify,0.719125
verify,0.723000
verify,0.718583
verify,0.720000
verify,0.722417
verify,0.721792
verify,0.744375
verify,0.691709
verify,0.677750
verify,0.723166
verify,0.680542
verify,0.722417
verify,0.718333
verify,0.723500
verify,0.720958
verify,0.723583
verify,0.722917
verify,0.725708
verify,0.718708
verify,0.721167
verify,0.729125
verify,0.721417
verify,0.719166
verify,0.722458
verify,0.720084
verify,0.724667
verify,0.722709
verify,0.732000
verify,0.721125
verify,0.742000
verify,0.703500
verify,0.695750
verify,0.706375
verify,0.711500
verify,0.728083
verify,0.713000
verify,0.720125
verify,0.711208
verify,0.719042
verify,0.720000
verify,0.718208
verify,0.719666
verify,0.717791
verify,0.721625
verify,0.719167
verify,0.719084
verify,0.718375
verify,0.721125
verify,0.720125
verify,0.719875
verify,0.720000
verify,0.720167
verify,0.720500
verify,0.724208
verify,0.718584
verify,0.723541
verify,0.722208
verify,0.729084
verify,0.721500
verify,0.722250
verify,0.717958
verify,0.723250
verify,0.718208
verify,0.717625
verify,0.721916
verify,0.718458
verify,0.731750
verify,0.722250
verify,0.718875
verify,0.722375
verify,0.717791
verify,0.722833
verify,0.723917
verify,0.722541
verify,0.721791
verify,0.723125
verify,0.722291
verify,0.684292
verify,0.697792
verify,0.705666
verify,0.707959
verify,0.702916
verify,0.718083
verify,0.707125
verify,0.718833
verify,0.715459
verify,0.706166
verify,0.738333
verify,0.725625
verify,0.719209
verify,0.721625
verify,0.722167
verify,0.707291
verify,0.719000
verify,0.720166
verify,0.714541
verify,0.719541
verify,0.721250
verify,0.719417
verify,0.725250
verify,0.688625
verify,0.675167
verify,0.718500
verify,0.720333
verify,0.676167
verify,0.723167
verify,0.720375
verify,0.722500
verify,0.720291
verify,0.719833
verify,0.710875
verify,0.716958
verify,0.719708
verify,0.709167
verify,0.685167
verify,0.694708
verify,0.705625
verify,0.689042
verify,0.706292
verify,0.708834
verify,0.717708
verify,0.702333
verify,0.729958
verify,0.693125
verify,0.680000
verify,0.713792
verify,0.712083
verify,0.728334
verify,0.700000
verify,0.721750
verify,0.720125
verify,0.722750
verify,0.719750
verify,0.727500
verify,0.722000
verify,0.720375
verify,0.720500
verify,0.720166
verify,0.723125
verify,0.720209
verify,0.719500
verify,0.722417
verify,0.719541
verify,0.721416
verify,0.721083
verify,0.719709
verify,0.729250
verify,0.723917
verify,0.718458
verify,0.722375
verify,0.720417
verify,0.719417
verify,0.721417
verify,0.719416
verify,0.721708
verify,0.725834
verify,0.718791
verify,0.727167
verify,0.732250
verify,0.728459
verify,0.719375
verify,0.718042
verify,0.721625
verify,0.722459
verify,0.718375
verify,0.719334
verify,0.722125
verify,0.720292
verify,0.719250
verify,0.729917
verify,0.717125
verify,0.724458
verify,0.719542
verify,0.719667
verify,0.721917
verify,0.721000
verify,0.719958
verify,0.720750
verify,0.721292
verify,0.720167
verify,0.721292
verify,0.718042
verify,0.721125
verify,0.725416
verify,0.719000
verify,0.722334
verify,0.718750
verify,0.719958
verify,0.720250
verify,0.719000
verify,0.719250
verify,0.720875
verify,0.726542
verify,0.722834
verify,0.722458
verify,0.720583
verify,0.722167
verify,0.724375
verify,0.719458
verify,0.724917
verify,0.718542
verify,0.720833
verify,0.717917
verify,0.721125
verify,0.717416
verify,0.722000
verify,0.720125
verify,0.722583
verify,0.718750
verify,0.719583
verify,0.724541
verify,0.719875
verify,0.734334
verify,0.720541
verify,0.718416
verify,0.750750
verify,0.718750
verify,0.719542
verify,0.723083
verify,0.721333
verify,0.718459
verify,0.721084
verify,0.717791
verify,0.723792
verify,0.723083
verify,0.722709
verify,0.721666
verify,0.721833
verify,0.718333
verify,0.722375
verify,0.719250
verify,0.719583
verify,0.722500
verify,0.719708
verify,0.721458
verify,0.731208
verify,0.715625
verify,0.721500
verify,0.736916
verify,0.719750
verify,0.721500
verify,0.719791
verify,0.720459
verify,0.724959
verify,0.722125
verify,0.723541
verify,0.718500
verify,0.721000
verify,0.718833
verify,0.722125
verify,0.719709
verify,0.722458
verify,0.729292
verify,0.719708
verify,0.721208
verify,0.720792
verify,0.722667
verify,0.720791
verify,0.722500
verify,0.724666
verify,0.717625
verify,0.733416
verify,0.720000
verify,0.695459
verify,0.684750
verify,0.723917
verify,0.717958
verify,0.715291
verify,0.710417
verify,0.719417
verify,0.712334
verify,0.720417
verify,0.713083
verify,0.716042
verify,0.719167
verify,0.730625
verify,0.721625
verify,0.711834
verify,0.722291
verify,0.719833
verify,0.718667
verify,0.720458
verify,0.719500
verify,0.719791
verify,0.725000
verify,0.719750
verify,0.719125
verify,0.721916
verify,0.718417
verify,0.721042
verify,0.719791
verify,0.721500
verify,0.719000
verify,0.720917
verify,0.723167
verify,0.722875
verify,0.721791
verify,0.728209
verify,0.722042
verify,0.721084
verify,0.721750
verify,0.720291
verify,0.719625
verify,0.730500
verify,0.718709
verify,0.718791
verify,0.721292
verify,0.731417
verify,0.705459
verify,0.666500
verify,0.712167
verify,0.703917
verify,0.714917
verify,0.721125
verify,0.736250
verify,0.720042
verify,0.716583
verify,0.721375
verify,0.718000
verify,0.722000
verify,0.721291
verify,0.727125
verify,0.722084
verify,0.724208
verify,0.719167
verify,0.723083
verify,0.719625
verify,0.728583
verify,0.720125
verify,0.722834
verify,0.718750
verify,0.727416
verify,0.719917
verify,0.724250
verify,0.718750
verify,0.732125
verify,0.721084
verify,0.719875
verify,0.722000
verify,0.723334
verify,0.717833
verify,0.719000
verify,0.722458
verify,0.721000
verify,0.721834
verify,0.732416
verify,0.721584
verify,0.722625
verify,0.718375
verify,0.730708
verify,0.725833
verify,0.720584
verify,0.721166
verify,0.719625
verify,0.728750
verify,0.718875
verify,0.711083
verify,0.705000
verify,0.722334
verify,0.712709
verify,0.715041
verify,0.723625
verify,0.718084
verify,0.721708
verify,0.720667
verify,0.718833
verify,0.708959
verify,0.724166
verify,0.715750
verify,0.722209
verify,0.718500
verify,0.720166
verify,0.721250
verify,0.721583
verify,0.718250
verify,0.731584
verify,0.722416
verify,0.721750
verify,0.682209
verify,0.709959
verify,0.709458
verify,0.704542
verify,0.711416
verify,0.724375
verify,0.711000
verify,0.719167
verify,0.722792
verify,0.722125
verify,0.712958
verify,0.720042
verify,0.722792
verify,0.719833
verify,0.719292
verify,0.718541
verify,0.721125
verify,0.719250
verify,0.719209
verify,0.721625
verify,0.717791
verify,0.724625
verify,0.731625
verify,0.717625
verify,0.721625
verify,0.719750
verify,0.718958
verify,0.722917
verify,0.718583
verify,0.721084
verify,0.721916
verify,0.720833
verify,0.722167
verify,0.719708
verify,0.719292
verify,0.720458
verify,0.717208
verify,0.720417
verify,0.719667
verify,0.720042
verify,0.718083
verify,0.725708
verify,0.721000
verify,0.724291
verify,0.720459
verify,0.726375
verify,0.720500
verify,0.719500
verify,0.720583
verify,0.724042
verify,0.717834
verify,0.718583
verify,0.722542
verify,0.720541
verify,0.721792
verify,0.726000
verify,0.718583
verify,0.722584
verify,0.717417
verify,0.722750
verify,0.722875
verify,0.722166
verify,0.729167
verify,0.722583
verify,0.719542
verify,0.723792
verify,0.719209
verify,0.718584
verify,0.730875
verify,0.721958
verify,0.718584
verify,0.724500
verify,0.730583
verify,0.722333
verify,0.718708
verify,0.722750
verify,0.717417
verify,0.722708
verify,0.720125
verify,0.720625
verify,0.741666
verify,0.765500
verify,0.726125
verify,0.686750
verify,0.714041
verify,0.680125
verify,0.718250
verify,0.710417
verify,0.745792
verify,0.720209
verify,0.711000
verify,0.734666
verify,0.733167
verify,0.700542
verify,0.694334
verify,0.683250
verify,0.692042
verify,0.680375
verify,0.726750
verify,0.705208
verify,0.719375
verify,0.731292
verify,0.703667
verify,0.719000
verify,0.717458
verify,0.722709
verify,0.719000
verify,0.719958
verify,0.718583
verify,0.721875
verify,0.718875
verify,0.726791
verify,0.718208
verify,0.723250
verify,0.718917
verify,0.736500
verify,0.718167
verify,0.724666
verify,0.719042
verify,0.719667
verify,0.722875
verify,0.723625
verify,0.718375
verify,0.733167
verify,0.717625
verify,0.745708
verify,0.722291
verify,0.728334
verify,0.717625
verify,0.728875
verify,0.718916
verify,0.719584
verify,0.718708
verify,0.719167
verify,0.720041
verify,0.718500
verify,0.717958
verify,0.720583
verify,0.727125
verify,0.680333
verify,0.713792
verify,0.722000
verify,0.701958
verify,0.718167
verify,0.718958
verify,0.720709
verify,0.718875
verify,0.719625
verify,0.718458
verify,0.720708
verify,0.717500
verify,0.721167
verify,0.735375
verify,0.723875
verify,0.722000
verify,0.729125
verify,0.722000
verify,0.720750
verify,0.721417
verify,0.720333
verify,0.720875
verify,0.736000
verify,0.681500
verify,0.678084
verify,0.711959
verify,0.708625
verify,0.710541
verify,0.713042
verify,0.717958
verify,0.722042
verify,0.712959
verify,0.716791
verify,0.699208
verify,0.719583
verify,0.710916
verify,0.722875
verify,0.719209
verify,0.711500
verify,0.721916
verify,0.710625
verify,0.717333
verify,0.723500
verify,0.712000
verify,0.721875
verify,0.717666
verify,0.722041
verify,0.720958
verify,0.718209
verify,0.718083
verify,0.728667
verify,0.717750
verify,0.719916
verify,0.720209
verify,0.728417
verify,0.721583
verify,0.719042
verify,0.763792
verify,0.727334
verify,0.728625
verify,0.720541
verify,0.722750
verify,0.728416
verify,0.724916
verify,0.723916
verify,0.720041
verify,0.726291
verify,0.720750
verify,0.726791
verify,0.725500
verify,0.721250
verify,0.718250
verify,0.722500
verify,0.729875
verify,0.721042
verify,0.720750
verify,0.731333
verify,0.722417
verify,0.725834
verify,0.725333
verify,0.720708
verify,0.722417
verify,0.719542
verify,0.717458
verify,0.721167
verify,0.717125
verify,0.718708
verify,0.718291
verify,0.719250
verify,0.718416
verify,0.720791
verify,0.730125
verify,0.719208
verify,0.718167
verify,0.720709
verify,0.719125
verify,0.719500
verify,0.718458
verify,0.720167
verify,0.718333
verify,0.720958
verify,0.718958
verify,0.720792
verify,0.718416
verify,0.720708
verify,0.721167
verify,0.720750
verify,0.718333
verify,0.720208
verify,0.718000
verify,0.720542
verify,0.718292
verify,0.719459
verify,0.718458
verify,0.725375
verify,0.724042
verify,0.720041
verify,0.718375
verify,0.719083
verify,0.721708
verify,0.720542
verify,0.718375
verify,0.721208
verify,0.719375
verify,0.719417
verify,0.725709
verify,0.720125
verify,0.722208
verify,0.719417
verify,0.718250
verify,0.720375
verify,0.718917
verify,0.722167
verify,0.723750
verify,0.720208
verify,0.721459
verify,0.718916
verify,0.718250
verify,0.733666
verify,0.719334
verify,0.726000
verify,0.720208
verify,0.720833
verify,0.721084
verify,0.719333
verify,0.719250
verify,0.723667
verify,0.728333
verify,0.719959
verify,0.721250
verify,0.719500
verify,0.722041
verify,0.719291
verify,0.718834
verify,0.721375
verify,0.718875
verify,0.722375
verify,0.721709
verify,0.719125
verify,0.718292
verify,0.722417
verify,0.735917
verify,0.724583
verify,0.719042
verify,0.719584
verify,0.721208
verify,0.720583
verify,0.719000
verify,0.723166
verify,0.719542
verify,0.720166
verify,0.729500
verify,0.721666
verify,0.756458
verify,0.703959
verify,0.696167
verify,0.669542
verify,0.727958
verify,0.726083
verify,0.711667
verify,0.707709
verify,0.713208
verify,0.727583
verify,0.727042
verify,0.738208
verify,0.702458
verify,0.732500
verify,0.722750
verify,0.718667
verify,0.726958
verify,0.742417
verify,0.721292
verify,0.720500
verify,0.721958
verify,0.745625
verify,0.734042
verify,0.739000
verify,0.722125
verify,0.722208
verify,0.722458
verify,0.718125
verify,0.723125
verify,0.719625
verify,0.719958
verify,0.719834
verify,0.719750
verify,0.748416
verify,0.742625
verify,0.722084
verify,0.727209
verify,0.738959
verify,0.718709
verify,0.722708
verify,0.728458
verify,0.721459
verify,0.726666
verify,0.733375
verify,0.727625
verify,0.724459
verify,0.684625
verify,0.703000
verify,0.700250
verify,0.715625
verify,0.709875
verify,0.748583
verify,0.710583
verify,0.721334
verify,0.712209
verify,0.716291
verify,0.739459
verify,0.719584
verify,0.720250
verify,0.720833
verify,0.718083
verify,0.723666
verify,0.743625
verify,0.721250
verify,0.727250
verify,0.739541
verify,0.720166
verify,0.732959
verify,0.728250
verify,0.684500
verify,0.703083
verify,0.719875
verify,0.679042
verify,0.747292
verify,0.712959
verify,0.720417
verify,0.718917
verify,0.723625
verify,0.709792
verify,0.734167
verify,0.737542
verify,0.661625
verify,0.712125
verify,0.731708
verify,0.684709
verify,0.722667
verify,0.707500
verify,0.715667
verify,0.723000
verify,0.711459
verify,0.722250
verify,0.756708
verify,0.690167
verify,0.678208
verify,0.718583
verify,0.679625
verify,0.718334
verify,0.721250
verify,0.705291
verify,0.721750
verify,0.718375
verify,0.728750
verify,0.738459
verify,0.725042
verify,0.715875
verify,0.729167
verify,0.718250
verify,0.713417
verify,0.719334
verify,0.720166
verify,0.722291
verify,0.719833
verify,0.730250
verify,0.733583
verify,0.740792
verify,0.723667
verify,0.723042
verify,0.720625
verify,0.718791
verify,0.725459
verify,0.719834
verify,0.718958
verify,0.719250
verify,0.719667
verify,0.722292
verify,0.739958
verify,0.735209
verify,0.725459
verify,0.722041
verify,0.723000
verify,0.735750
verify,0.729834
verify,0.721917
verify,0.727625
verify,0.721542
verify,0.721666
verify,0.718875
verify,0.751625
verify,0.704417
verify,0.670625
verify,0.686167
verify,0.702041
verify,0.714459
verify,0.708750
verify,0.716000
verify,0.719625
verify,0.671875
verify,0.719708
verify,0.713709
verify,0.729708
verify,0.732250
verify,0.733959
verify,0.728959
verify,0.715250
verify,0.721625
verify,0.710958
verify,0.718209
verify,0.723500
verify,0.719666
verify,0.724292
verify,0.730417
verify,0.748166
verify,0.722708
verify,0.720542
verify,0.718667
verify,0.724500
verify,0.731875
verify,0.737500
verify,0.723417
verify,0.735209
verify,0.718666
verify,0.718916
verify,0.730042
verify,0.715417
verify,0.653583
verify,0.700375
verify,0.716209
verify,0.708208
verify,0.719459
verify,0.723125
verify,0.704208
verify,0.719167
verify,0.714000
verify,0.731792
verify,0.733750
verify,0.685708
verify,0.710834
verify,0.707000
verify,0.713959
verify,0.712417
verify,0.722083
verify,0.719500
verify,0.719666
verify,0.716916
verify,0.720000
verify,0.718833
verify,0.731042
verify,0.720000
verify,0.722791
verify,0.719667
verify,0.721375
verify,0.722125
verify,0.720167
verify,0.719334
verify,0.718458
verify,0.719375
verify,0.720167
verify,0.719541
verify,0.719292
verify,0.720375
verify,0.717583
verify,0.718666
verify,0.719625
verify,0.723500
verify,0.722541
verify,0.718417
verify,0.719042
verify,0.723209
verify,0.721208
verify,0.738792
verify,0.720584
verify,0.723709
verify,0.719500
verify,0.722125
verify,0.719958
verify,0.724000
verify,0.722084
verify,0.720167
verify,0.718959
verify,0.721584
verify,0.718750
verify,0.723416
verify,0.718750
verify,0.720709
verify,0.722000
verify,0.719042
verify,0.721667
verify,0.720584
verify,0.717000
verify,0.720709
verify,0.725083
verify,0.722500
verify,0.734709
verify,0.721625
verify,0.725584
verify,0.721916
verify,0.725334
verify,0.721125
verify,0.717750
verify,0.720083
verify,0.721583
verify,0.718625
verify,0.721709
verify,0.724291
verify,0.718959
verify,0.723459
verify,0.720875
verify,0.719375
verify,0.721625
verify,0.718541
verify,0.732125
verify,0.722833
verify,0.724041
verify,0.721000
verify,0.723667
verify,0.734625
verify,0.694166
verify,0.690458
verify,0.704584
verify,0.710333
verify,0.671125
verify,0.669500
verify,0.712834
verify,0.707875
verify,0.703375
verify,0.720709
verify,0.678875
verify,0.735042
verify,0.702042
verify,0.720000
verify,0.720083
verify,0.704209
verify,0.717250
verify,0.713000
verify,0.718791
verify,0.720459
verify,0.719916
verify,0.718334
verify,0.714208
verify,0.765125
verify,0.732500
verify,0.707666
verify,0.711583
verify,0.719709
verify,0.709375
verify,0.719833
verify,0.709708
verify,0.720459
verify,0.717250
verify,0.718709
verify,0.720209
verify,0.721083
verify,0.719875
verify,0.720667
verify,0.720333
verify,0.721291
verify,0.719292
verify,0.718958
verify,0.731708
verify,0.722667
verify,0.719500
verify,0.721959
verify,0.770333
verify,0.733500
verify,0.717416
verify,0.719625
verify,0.721166
verify,0.725125
verify,0.727541
verify,0.723250
verify,0.729834
verify,0.721542
verify,0.724917
verify,0.721166
verify,0.719291
verify,0.720834
verify,0.720000
verify,0.724333
verify,0.722125
verify,0.719291
verify,0.718416
verify,0.719125
verify,0.717500
verify,0.720875
verify,0.718958
verify,0.738875
verify,0.718166
verify,0.719291
verify,0.717584
verify,0.717416
verify,0.736209
verify,0.718417
verify,0.738041
verify,0.717792
verify,0.722042
verify,0.728375
verify,0.721167
verify,0.718625
verify,0.717959
verify,0.722750
verify,0.721833
verify,0.718417
verify,0.721000
verify,0.720375
verify,0.726583
verify,0.721250
verify,0.724292
verify,0.729542
verify,0.733834
verify,0.700208
verify,0.669625
verify,0.690750
verify,0.698791
verify,0.719584
verify,0.705084
verify,0.717625
verify,0.720959
verify,0.681083
verify,0.734667
verify,0.705458
verify,0.717750
verify,0.710334
verify,0.714791
verify,0.721375
verify,0.712583
verify,0.720500
verify,0.718500
verify,0.723000
verify,0.718834
verify,0.722541
verify,0.720833
verify,0.723875
verify,0.722125
verify,0.718791
verify,0.720667
verify,0.726125
verify,0.728167
verify,0.722000
verify,0.721459
verify,0.721416
verify,0.720667
verify,0.721709
verify,0.718625
verify,0.722209
verify,0.718625
verify,0.720292
verify,0.722417
verify,0.721750
verify,0.719667
verify,0.729583
verify,0.724833
verify,0.723125
verify,0.717333
verify,0.720750
verify,0.725708
verify,0.720083
verify,0.721084
verify,0.721958
verify,0.721292
verify,0.720750
verify,0.721000
verify,0.747208
verify,0.725917
verify,0.722000
verify,0.723792
verify,0.719167
verify,0.726791
verify,0.723875
verify,0.722291
verify,0.720125
verify,0.721666
verify,0.721334
verify,0.718000
verify,0.722416
verify,0.719500
verify,0.720000
verify,0.721500
verify,0.723833
verify,0.726917
verify,0.722333
verify,0.719792
verify,0.718459
verify,0.722750
verify,0.718833
verify,0.721125
verify,0.719125
verify,0.716541
verify,0.722750
verify,0.716958
verify,0.719916
verify,0.719625
verify,0.727459
verify,0.719416
verify,0.721291
verify,0.718709
verify,0.724667
verify,0.719958
verify,0.717500
verify,0.720833
verify,0.719458
verify,0.718833
verify,0.723792
verify,0.719708
verify,0.722541
verify,0.718958
verify,0.721417
verify,0.721291
verify,0.720292
verify,0.728041
verify,0.745042
verify,0.728500
verify,0.731500
verify,0.751541
verify,0.717416
verify,0.724875
verify,0.737666
verify,0.722916
verify,0.722292
verify,0.719625
verify,0.720959
verify,0.719834
verify,0.737291
verify,0.730959
verify,0.734000
verify,0.733833
verify,0.725292
verify,0.721417
verify,0.719958
verify,0.720459
verify,0.719583
verify,0.718625
verify,0.724167
verify,0.718541
verify,0.724500
verify,0.746709
verify,0.725125
verify,0.668333
verify,0.709167
verify,0.705458
verify,0.722667
verify,0.718542
verify,0.722625
verify,0.720417
verify,0.716833
verify,0.721458
verify,0.723375
verify,0.719166
verify,0.739250
verify,0.683834
verify,0.686375
verify,0.722875
verify,0.721334
verify,0.703000
verify,0.720875
verify,0.709666
verify,0.722958
verify,0.719209
verify,0.716333
verify,0.728250
verify,0.713625
verify,0.721625
verify,0.713041
verify,0.728625
verify,0.726666
verify,0.728667
verify,0.720250
verify,0.724750
verify,0.720084
verify,0.719417
verify,0.728250
verify,0.732625
verify,0.731084
verify,0.717541
verify,0.723125
verify,0.725042
verify,0.722542
verify,0.722708
verify,0.726959
verify,0.722916
verify,0.720875
verify,0.728500
verify,0.718541
verify,0.722041
verify,0.725541
verify,0.722667
verify,0.721750
verify,0.729334
verify,0.719667
verify,0.720584
verify,0.727708
verify,0.725000
verify,0.721084
verify,0.717208
verify,0.731792
verify,0.720208
verify,0.724334
verify,0.721041
verify,0.720417
verify,0.724333
verify,0.721666
verify,0.721792
verify,0.720209
verify,0.727791
verify,0.723333
verify,0.724542
verify,0.731916
verify,0.722000
verify,0.719791
verify,0.718834
verify,0.721458
verify,0.722542
verify,0.728750
verify,0.721666
verify,0.722625
verify,0.723708
verify,0.718792
verify,0.735584
verify,0.727750
verify,0.720291
verify,0.722459
verify,0.724625
verify,0.718375
verify,0.718083
verify,0.723417
verify,0.719250
verify,0.727416
verify,0.721625
verify,0.727709
verify,0.721708
verify,0.722917
verify,0.718500
verify,0.719750
verify,0.725958
verify,0.721542
verify,0.719084
verify,0.724000
verify,0.720041
verify,0.719667
verify,0.721375
verify,0.735250
verify,0.726167
verify,0.718416
verify,0.718584
verify,0.719375
verify,0.718375
verify,0.719333
verify,0.720250
verify,0.720750
verify,0.718500
verify,0.720541
verify,0.718708
verify,0.720333
verify,0.719833
verify,0.720250
verify,0.718333
verify,0.719250
verify,0.725125
verify,0.719584
verify,0.719833
verify,0.723417
verify,0.718792
verify,0.717542
verify,0.728792
verify,0.722958
verify,0.734750
verify,0.722875
verify,0.728875
verify,0.720250
verify,0.721417
verify,0.720292
verify,0.721875
verify,0.719541
verify,0.722958
verify,0.725292
verify,0.719500
verify,0.729250
verify,0.722416
verify,0.720541
verify,0.718458
verify,0.721292
verify,0.718083
verify,0.730625
verify,0.719667
verify,0.723416
verify,0.721041
verify,0.726791
verify,0.717875
verify,0.725625
verify,0.718041
verify,0.722167
verify,0.718792
verify,0.720791
verify,0.722500
verify,0.719000
verify,0.724250
verify,0.723083
verify,0.719792
verify,0.724041
verify,0.719041
verify,0.720667
verify,0.721334
verify,0.741458
verify,0.719791
verify,0.661875
verify,0.713250
verify,0.706250
verify,0.676833
verify,0.716042
verify,0.716834
verify,0.727167
verify,0.711709
verify,0.723916
verify,0.699791
verify,0.705250
verify,0.722792
verify,0.716042
verify,0.717250
verify,0.709750
verify,0.723750
verify,0.717083
verify,0.718625
verify,0.722792
verify,0.714917
verify,0.728875
verify,0.717291
verify,0.722375
verify,0.719791
verify,0.720500
verify,0.722208
verify,0.730875
verify,0.722292
verify,0.718625
verify,0.725417
verify,0.721375
verify,0.722291
verify,0.722250
verify,0.721417
verify,0.719834
verify,0.729000
verify,0.721792
verify,0.720250
verify,0.722167
verify,0.722667
verify,0.733625
verify,0.721542
verify,0.719625
verify,0.718709
verify,0.723166
verify,0.717375
verify,0.719125
verify,0.723959
verify,0.719166
verify,0.721625
verify,0.722166
verify,0.717625
verify,0.729833
verify,0.718834
verify,0.729375
verify,0.721750
verify,0.719917
verify,0.719417
verify,0.723125
verify,0.718917
verify,0.722708
verify,0.721667
verify,0.722708
verify,0.721208
verify,0.719584
verify,0.719458
verify,0.722459
verify,0.730958
verify,0.734625
verify,0.718792
verify,0.719792
verify,0.723292
verify,0.720875
verify,0.723333
verify,0.723000
verify,0.731375
verify,0.720208
verify,0.735167
verify,0.719792
verify,0.720500
verify,0.719959
verify,0.731041
verify,0.721459
verify,0.716958
verify,0.718792
verify,0.721708
verify,0.718875
verify,0.717083
verify,0.717583
verify,0.721125
verify,0.721750
verify,0.719333
verify,0.729708
verify,0.720375
verify,0.718708
verify,0.729792
verify,0.723709
verify,0.719500
verify,0.731291
verify,0.722834
verify,0.720833
verify,0.728833
verify,0.723000
verify,0.718666
verify,0.722583
verify,0.718292
verify,0.728209
verify,0.732834
verify,0.729000
verify,0.721125
verify,0.720417
verify,0.721875
verify,0.723292
verify,0.717292
verify,0.726208
verify,0.837459
verify,0.754500
verify,0.713000
verify,0.713125
verify,0.720500
verify,0.721375
verify,0.777792
verify,0.743041
verify,0.708875
verify,0.687625
verify,0.702250
verify,0.706625
verify,0.711250
verify,0.730416
verify,0.698250
verify,0.705042
verify,0.713708
verify,0.722083
verify,0.703875
verify,0.719209
verify,0.718709
verify,0.730250
verify,0.737792
verify,0.732042
verify,0.720125
verify,0.723834
verify,0.719542
verify,0.724917
verify,0.720542
verify,0.741209
verify,0.721666
verify,0.719417
verify,0.719292
verify,0.718792
verify,0.722792
verify,0.723291
verify,0.718750
verify,0.721417
verify,0.721584
verify,0.733041
verify,0.721708
verify,0.725583
verify,0.718625
verify,0.720833
verify,0.722417
verify,0.723333
verify,0.722959
verify,0.721791
verify,0.736375
verify,0.721958
verify,0.721083
verify,0.721250
verify,0.733625
verify,0.707084
verify,0.678333
verify,0.677084
verify,0.708083
verify,0.712958
verify,0.703459
verify,0.717333
verify,0.721709
verify,0.712541
verify,0.705166
verify,0.704834
verify,0.715791
verify,0.713916
verify,0.716375
verify,0.718250
verify,0.712875
verify,0.723083
verify,0.709750
verify,0.738125
verify,0.711250
verify,0.719959
verify,0.721416
verify,0.725000
verify,0.676958
verify,0.701459
verify,0.702500
verify,0.718625
verify,0.703208
verify,0.724500
verify,0.708167
verify,0.722917
verify,0.718708
verify,0.721542
verify,0.708792
verify,0.712250
verify,0.721667
verify,0.722125
verify,0.720917
verify,0.721917
verify,0.726958
verify,0.718750
verify,0.719791
verify,0.718458
verify,0.721542
verify,0.723208
verify,0.723333
verify,0.727292
verify,0.720209
verify,0.721584
verify,0.721625
verify,0.729208
verify,0.721500
verify,0.720917
verify,0.719084
verify,0.723166
verify,0.718667
verify,0.719375
verify,0.767875
verify,0.723084
verify,0.717416
verify,0.722500
verify,0.716625
verify,0.722750
verify,0.719125
verify,0.732250
verify,0.722625
verify,0.719250
verify,0.722542
verify,0.727875
verify,0.725458
verify,0.719167
verify,0.720750
verify,0.722042
verify,0.719416
verify,0.719125
verify,0.719084
verify,0.722500
verify,0.719250
verify,0.730292
verify,0.724750
verify,0.720750
verify,0.718792
verify,0.720833
verify,0.719042
verify,0.724041
verify,0.719500
verify,0.719500
verify,0.720750
verify,0.721292
verify,0.725750
verify,0.751375
verify,0.720542
verify,0.726417
verify,0.677834
verify,0.668708
verify,0.707708
verify,0.709000
verify,0.702875
verify,0.722458
verify,0.710625
verify,0.715583
verify,0.707042
verify,0.717959
verify,0.713416
verify,0.714625
verify,0.718541
verify,0.715625
verify,0.719000
verify,0.710334
verify,0.721250
verify,0.719292
verify,0.712417
verify,0.720875
verify,0.712209
verify,0.719208
verify,0.743542
verify,0.720000
verify,0.720833
verify,0.719708
verify,0.718417
verify,0.729083
verify,0.718917
verify,0.719291
verify,0.720334
verify,0.719667
verify,0.719125
verify,0.723583
verify,0.717500
verify,0.723291
verify,0.720666
verify,0.719208
verify,0.722292
verify,0.720500
verify,0.718583
verify,0.728833
verify,0.722750
verify,0.719708
verify,0.720709
verify,0.728708
verify,0.682250
verify,0.690167
verify,0.669000
verify,0.723542
verify,0.706000
verify,0.718416
verify,0.719583
verify,0.673292
verify,0.718375
verify,0.716792
verify,0.719250
verify,0.704417
verify,0.721458
verify,0.728708
verify,0.717500
verify,0.718500
verify,0.719208
verify,0.723500
verify,0.718750
verify,0.720375
verify,0.719708
verify,0.734208
verify,0.725750
verify,0.720000
verify,0.720625
verify,0.722166
verify,0.717917
verify,0.722667
verify,0.719083
verify,0.720041
verify,0.718417
verify,0.719625
verify,0.720666
verify,0.718917
verify,0.721292
verify,0.719375
verify,0.720166
verify,0.720333
verify,0.721000
verify,0.721375
verify,0.717166
verify,0.730292
verify,0.721500
verify,0.735250
verify,0.719292
verify,0.722958
verify,0.693458
verify,0.689667
verify,0.696209
verify,0.704209
verify,0.706333
verify,0.720292
verify,0.708958
verify,0.722208
verify,0.737291
verify,0.703542
verify,0.713833
verify,0.720750
verify,0.717875
verify,0.712583
verify,0.723209
verify,0.715209
verify,0.721209
verify,0.720250
verify,0.721167
verify,0.719875
verify,0.712292
verify,0.722792
verify,0.718916
verify,0.738875
verify,0.718250
verify,0.720000
verify,0.727625
verify,0.721375
verify,0.718916
verify,0.726875
verify,0.719500
verify,0.721041
verify,0.717334
verify,0.719333
verify,0.719500
verify,0.720250
verify,0.719125
verify,0.720583
verify,0.719667
verify,0.720667
verify,0.717042
verify,0.721958
verify,0.719584
verify,0.720791
verify,0.719000
verify,0.727833
verify,0.727083
verify,0.720458
verify,0.718959
verify,0.719333
verify,0.717375
verify,0.724042
verify,0.721291
verify,0.720291
verify,0.721000
verify,0.732917
verify,0.725458
verify,0.719875
verify,0.719917
verify,0.720125
verify,0.718334
verify,0.720083
verify,0.718875
verify,0.720875
verify,0.718916
verify,0.719584
verify,0.738709
verify,0.734000
verify,0.718875
verify,0.732541
verify,0.730208
verify,0.740125
verify,0.774917
verify,0.736083
verify,0.728208
verify,0.719208
verify,0.717000
verify,0.719625
verify,0.719708
verify,0.720208
verify,0.719042
verify,0.718750
verify,0.718833
verify,0.722875
verify,0.727583
verify,0.724250
verify,0.718167
verify,0.722375
verify,0.717750
verify,0.720583
verify,0.729000
verify,0.724917
verify,0.725042
verify,0.720000
verify,0.719917
verify,0.728417
verify,0.721666
verify,0.726375
verify,0.719375
verify,0.719625
verify,0.721750
verify,0.728958
verify,0.718542
verify,0.720833
verify,0.718917
verify,0.721000
verify,0.721167
verify,0.721875
verify,0.718417
verify,0.719833
verify,0.721250
verify,0.723459
verify,0.718458
verify,0.719584
verify,0.720791
verify,0.732750
verify,0.698958
verify,0.658666
verify,0.695917
verify,0.702875
verify,0.703792
verify,0.710292
verify,0.714667
verify,0.720375
verify,0.700125
verify,0.721083
verify,0.709542
verify,0.715542
verify,0.722625
verify,0.720292
verify,0.718291
verify,0.722625
verify,0.718209
verify,0.721917
verify,0.718875
verify,0.719375
verify,0.721208
verify,0.720333
verify,0.740875
verify,0.695292
verify,0.687375
verify,0.704959
verify,0.718167
verify,0.698791
verify,0.718500
verify,0.708375
verify,0.718584
verify,0.724083
verify,0.720042
verify,0.709833
verify,0.706459
verify,0.720292
verify,0.709792
verify,0.741917
verify,0.720917
verify,0.723791
verify,0.734125
verify,0.723625
verify,0.730417
verify,0.714833
verify,0.741542
verify,0.746042
verify,0.730750
verify,0.727834
verify,0.730583
verify,0.719625
verify,0.723375
verify,0.729625
verify,0.718750
verify,0.720458
verify,0.719458
verify,0.725709
verify,0.719291
verify,0.721584
verify,0.727208
verify,0.723000
verify,0.717708
verify,0.721791
verify,0.729083
verify,0.721167
verify,0.727542
verify,0.720625
verify,0.719083
verify,0.722000
verify,0.721666
verify,0.728334
verify,0.719625
verify,0.730917
verify,0.722292
verify,0.722541
verify,0.719333
verify,0.723042
verify,0.730583
verify,0.723167
verify,0.721958
verify,0.720375
verify,0.720334
verify,0.719791
verify,0.718833
verify,0.722625
verify,0.718459
verify,0.718875
verify,0.722875
verify,0.720166
verify,0.718084
verify,0.722750
verify,0.717833
verify,0.722667
verify,0.732084
verify,0.719625
verify,0.720042
verify,0.722750
verify,0.718917
verify,0.722917
verify,0.718958
verify,0.736875
verify,0.722583
verify,0.719166
verify,0.722209
verify,0.720333
verify,0.719500
verify,0.722375
verify,0.725000
verify,0.720917
verify,0.722666
verify,0.722584
verify,0.721541
verify,0.719625
verify,0.721500
verify,0.719459
verify,0.728459
verify,0.730791
verify,0.722125
verify,0.719125
verify,0.717500
verify,0.725459
verify,0.718958
verify,0.721458
verify,0.718625
verify,0.721791
verify,0.721417
verify,0.721083
verify,0.718875
verify,0.731375
verify,0.718292
verify,0.722667
verify,0.722542
verify,0.731000
verify,0.723792
verify,0.726625
verify,0.729125
verify,0.720416
verify,0.716834
verify,0.719833
verify,0.730583
verify,0.730166
verify,0.721875
verify,0.733917
verify,0.717542
verify,0.723958
verify,0.727000
verify,0.731792
verify,0.771500
verify,0.790083
verify,0.714833
verify,0.712834
verify,0.710667
verify,0.715417
verify,0.709958
verify,0.727167
verify,0.714333
verify,0.740458
verify,0.715334
verify,0.723333
verify,0.730125
verify,0.723875
verify,0.723250
verify,0.748959
verify,0.678584
verify,0.706291
verify,0.689500
verify,0.715084
verify,0.717375
verify,0.727875
verify,0.721750
verify,0.743666
verify,0.681917
verify,0.709708
verify,0.670459
verify,0.712291
verify,0.717792
verify,0.652500
verify,0.681458
verify,0.695833
verify,0.720584
verify,0.720708
verify,0.705375
verify,0.719167
verify,0.704959
verify,0.724833
verify,0.741916
verify,0.681250
verify,0.690916
verify,0.672834
verify,0.740167
verify,0.669833
verify,0.682667
verify,0.711875
verify,0.701750
verify,0.717084
verify,0.709916
verify,0.743208
verify,0.720167
verify,0.711209
verify,0.720833
verify,0.712000
verify,0.718333
verify,0.722625
verify,0.720625
verify,0.729125
verify,0.733417
verify,0.722083
verify,0.721250
verify,0.722833
verify,0.726041
verify,0.688625
verify,0.705666
verify,0.714417
verify,0.723208
verify,0.719917
verify,0.721166
verify,0.716583
verify,0.719917
verify,0.719500
verify,0.734500
verify,0.721375
verify,0.730625
verify,0.719791
verify,0.719250
verify,0.686208
verify,0.700708
verify,0.698416
verify,0.713834
verify,0.701416
verify,0.719084
verify,0.719166
verify,0.718584
verify,0.732250
verify,0.681542
verify,0.682542
verify,0.715500
verify,0.722041
verify,0.713750
verify,0.709125
verify,0.709666
verify,0.714250
verify,0.720500
verify,0.711084
verify,0.722458
verify,0.712375
verify,0.719791
verify,0.721459
verify,0.719000
verify,0.722250
verify,0.721584
verify,0.720000
verify,0.728917
verify,0.721209
verify,0.719125
verify,0.722875
verify,0.730250
verify,0.685875
verify,0.684333
verify,0.685000
verify,0.707625
verify,0.721209
verify,0.706541
verify,0.711209
verify,0.715250
verify,0.723959
verify,0.715791
verify,0.713916
verify,0.765708
verify,0.720333
verify,0.723209
verify,0.720459
verify,0.721375
verify,0.721583
verify,0.717416
verify,0.722250
verify,0.718458
verify,0.722166
verify,0.722916
verify,0.740625
verify,0.701625
verify,0.684708
verify,0.681250
verify,0.722375
verify,0.709416
verify,0.706417
verify,0.714000
verify,0.703375
verify,0.717500
verify,0.716791
verify,0.718792
verify,0.719750
verify,0.716417
verify,0.723709
verify,0.717083
verify,0.721250
verify,0.719375
verify,0.722708
verify,0.717125
verify,0.720208
verify,0.722208
verify,0.721833
verify,0.720708
verify,0.712667
verify,0.677042
verify,0.691416
verify,0.712666
verify,0.716917
verify,0.712291
verify,0.716166
verify,0.708625
verify,0.720416
verify,0.718166
verify,0.732417
verify,0.721166
verify,0.721958
verify,0.719708
verify,0.726292
verify,0.719333
verify,0.726666
verify,0.718208
verify,0.724458
verify,0.722250
verify,0.718042
verify,0.721209
verify,0.723833
verify,0.725125
verify,0.688500
verify,0.675125
verify,0.712125
verify,0.709375
verify,0.702000
verify,0.710041
verify,0.707417
verify,0.721625
verify,0.714167
verify,0.714666
verify,0.721000
verify,0.710667
verify,0.729000
verify,0.713792
verify,0.723625
verify,0.718583
verify,0.726750
verify,0.726500
verify,0.713000
verify,0.718417
verify,0.722458
verify,0.718375
verify,0.742333
verify,0.688167
verify,0.692416
verify,0.677459
verify,0.722250
verify,0.717667
verify,0.684750
verify,0.717458
verify,0.711542
verify,0.720625
verify,0.717666
verify,0.717625
verify,0.722584
verify,0.719416
verify,0.724917
verify,0.729083
verify,0.721542
verify,0.720041
verify,0.720459
verify,0.719708
verify,0.719000
verify,0.719625
verify,0.717875
verify,0.717709
verify,0.714083
verify,0.680625
verify,0.681250
verify,0.720291
verify,0.705875
verify,0.719292
verify,0.704709
verify,0.703750
verify,0.718375
verify,0.703166
verify,0.720500
verify,0.713959
verify,0.719167
verify,0.721375
verify,0.731000
verify,0.719167
verify,0.714667
verify,0.719708
verify,0.722167
verify,0.717958
verify,0.719583
verify,0.720875
verify,0.730541
verify,0.725459
verify,0.681500
verify,0.700458
verify,0.700917
verify,0.718042
verify,0.705666
verify,0.718000
verify,0.705500
verify,0.719375
verify,0.724334
verify,0.719791
verify,0.719125
verify,0.722792
verify,0.720916
verify,0.729334
verify,0.722125
verify,0.719417
verify,0.732708
verify,0.719542
verify,0.722500
verify,0.717959
verify,0.722083
verify,0.718833
verify,0.733417
verify,0.686209
verify,0.677208
verify,0.714666
verify,0.705625
verify,0.700125
verify,0.712333
verify,0.703042
verify,0.713875
verify,0.711291
verify,0.720291
verify,0.718125
verify,0.709584
verify,0.719666
verify,0.712833
verify,0.719208
verify,0.719000
verify,0.711458
verify,0.719042
verify,0.710834
verify,0.718916
verify,0.718667
verify,0.719667
verify,0.717875
verify,0.702250
verify,0.677667
verify,0.698875
verify,0.708667
verify,0.719000
verify,0.710875
verify,0.719875
verify,0.700917
verify,0.720083
verify,0.717959
verify,0.719916
verify,0.719791
verify,0.719333
verify,0.719125
verify,0.723583
verify,0.719167
verify,0.719875
verify,0.718667
verify,0.721834
verify,0.719208
verify,0.720000
verify,0.718917
verify,0.721667
verify,0.727208
verify,0.686167
verify,0.712583
verify,0.720958
verify,0.719709
verify,0.718916
verify,0.721292
verify,0.708125
verify,0.721500
verify,0.719875
verify,0.719625
verify,0.728375
verify,0.706666
verify,0.719500
verify,0.715875
verify,0.722541
verify,0.720459
verify,0.720625
verify,0.718166
verify,0.723166
verify,0.736916
verify,0.722416
verify,0.722000
verify,0.780750
verify,0.677875
verify,0.692833
verify,0.714917
verify,0.724792
verify,0.722917
verify,0.712333
verify,0.719125
verify,0.719792
verify,0.719959
verify,0.721833
verify,0.717958
verify,0.718208
verify,0.721875
verify,0.730083
verify,0.721709
verify,0.720583
verify,0.717500
verify,0.722875
verify,0.718000
verify,0.720000
verify,0.719875
verify,0.722666
verify,0.739084
verify,0.722208
verify,0.718208
verify,0.722375
verify,0.719500
verify,0.733375
verify,0.720125
verify,0.717792
verify,0.718792
verify,0.723875
verify,0.719250
verify,0.718959
verify,0.720833
verify,0.721541
verify,0.720833
verify,0.719958
verify,0.718542
verify,0.722708
verify,0.717416
verify,0.729375
verify,0.717875
verify,0.723584
verify,0.720125
verify,0.731791
verify,0.718500
verify,0.725292
verify,0.717334
verify,0.721916
verify,0.720584
verify,0.725708
verify,0.718334
verify,0.722584
verify,0.719875
verify,0.729583
verify,0.722208
verify,0.720292
verify,0.722292
verify,0.720166
verify,0.719208
verify,0.721708
verify,0.718625
verify,0.718625
verify,0.718750
verify,0.720125
verify,0.719250
verify,0.724291
verify,0.725542
verify,0.733042
verify,0.721958
verify,0.719625
verify,0.728250
verify,0.720208
verify,0.717042
verify,0.723166
verify,0.718375
verify,0.718958
verify,0.721083
verify,0.720916
verify,0.721416
verify,0.719584
verify,0.723375
verify,0.723084
verify,0.718916
verify,0.718291
verify,0.720084
verify,0.720791
verify,0.718709
verify,0.718000
verify,0.720125
verify,0.724541
verify,0.722292
verify,0.719875
verify,0.727959
verify,0.720167
verify,0.728250
verify,0.722458
verify,0.718334
verify,0.722541
verify,0.716375
verify,0.719084
verify,0.720875
verify,0.719708
verify,0.718584
verify,0.721375
verify,0.718375
verify,0.723625
verify,0.721416
verify,0.719791
verify,0.729000
verify,0.720459
verify,0.717958
verify,0.721834
verify,0.717625
verify,0.729084
verify,0.706167
verify,0.675417
verify,0.717333
verify,0.716791
verify,0.716791
verify,0.721250
verify,0.719000
verify,0.729291
verify,0.723709
verify,0.719750
verify,0.703500
verify,0.722083
verify,0.718584
verify,0.730250
verify,0.720791
verify,0.720250
verify,0.717584
verify,0.717667
verify,0.718667
verify,0.721583
verify,0.717958
verify,0.720209
verify,0.729625
verify,0.680375
verify,0.718375
verify,0.683209
verify,0.719125
verify,0.721209
verify,0.715667
verify,0.718917
verify,0.712208
verify,0.722084
verify,0.718250
verify,0.722166
verify,0.714875
verify,0.719333
verify,0.727917
verify,0.669208
verify,0.714750
verify,0.682917
verify,0.717375
verify,0.722250
verify,0.682333
verify,0.826166
verify,0.756666
verify,0.764625
verify,0.678083
verify,0.715875
verify,0.706792
verify,0.715958
verify,0.734750
verify,0.706125
verify,0.721666
verify,0.719500
verify,0.717792
verify,0.723500
verify,0.726292
verify,0.721291
verify,0.719125
verify,0.721708
verify,0.718959
verify,0.742292
verify,0.726750
verify,0.738459
verify,0.723125
verify,0.720625
verify,0.721791
verify,0.721459
verify,0.742000
verify,0.701000
verify,0.685583
verify,0.698458
verify,0.718459
verify,0.709791
verify,0.714667
verify,0.714709
verify,0.705625
verify,0.719291
verify,0.719750
verify,0.745833
verify,0.712375
verify,0.719292
verify,0.725875
verify,0.715750
verify,0.718959
verify,0.720291
verify,0.718625
verify,0.719958
verify,0.721542
verify,0.719250
verify,0.722583
verify,0.744334
verify,0.697709
verify,0.703375
verify,0.676167
verify,0.715042
verify,0.713125
verify,0.716125
verify,0.718709
verify,0.715000
verify,0.722292
verify,0.704666
verify,0.719834
verify,0.712292
verify,0.720000
verify,0.739709
verify,0.680750
verify,0.689667
verify,0.698708
verify,0.716834
verify,0.721458
verify,0.729084
verify,0.721084
verify,0.722375
verify,0.742667
verify,0.706833
verify,0.693417
verify,0.682250
verify,0.717333
verify,0.708833
verify,0.708875
verify,0.721916
verify,0.714709
verify,0.727167
verify,0.718334
verify,0.713250
verify,0.709041
verify,0.704375
verify,0.719000
verify,0.709166
verify,0.717334
verify,0.711417
verify,0.718583
verify,0.719833
verify,0.716625
verify,0.725584
verify,0.709625
verify,0.719500
verify,0.726833
verify,0.720709
verify,0.718458
verify,0.719750
verify,0.718459
verify,0.721875
verify,0.718333
verify,0.717792
verify,0.718334
verify,0.722083
verify,0.740875
verify,0.719833
verify,0.718917
verify,0.720708
verify,0.718250
verify,0.719833
verify,0.717500
verify,0.719583
verify,0.716333
verify,0.718000
verify,0.720333
verify,0.734167
verify,0.726583
verify,0.727834
verify,0.678000
verify,0.706250
verify,0.691000
verify,0.713791
verify,0.702875
verify,0.720500
verify,0.721875
verify,0.720333
verify,0.720042
verify,0.706917
verify,0.718667
verify,0.711833
verify,0.721334
verify,0.730917
verify,0.722167
verify,0.725292
verify,0.719875
verify,0.722875
verify,0.719875
verify,0.719500
verify,0.722291
verify,0.721667
verify,0.730042
verify,0.723666
verify,0.718917
verify,0.722958
verify,0.718417
verify,0.732667
verify,0.721583
verify,0.721125
verify,0.718542
verify,0.722125
verify,0.720000
verify,0.730125
verify,0.719792
verify,0.718375
verify,0.721000
verify,0.720375
verify,0.718667
verify,0.722292
verify,0.719541
verify,0.731167
verify,0.720916
verify,0.727875
verify,0.718875
verify,0.730583
verify,0.718917
verify,0.722916
verify,0.718041
verify,0.720792
verify,0.722041
verify,0.721000
verify,0.718625
verify,0.724417
verify,0.718583
verify,0.727250
verify,0.721667
verify,0.720292
verify,0.721084
verify,0.719666
verify,0.719375
verify,0.722417
verify,0.719666
verify,0.721000
verify,0.722291
verify,0.719833
verify,0.720875
verify,0.719542
verify,0.717250
verify,0.729500
verify,0.708125
verify,0.716583
verify,0.707459
verify,0.721375
verify,0.712459
verify,0.720708
verify,0.719333
verify,0.724333
verify,0.729416
verify,0.722959
verify,0.728541
verify,0.710542
verify,0.717750
verify,0.730292
verify,0.719083
verify,0.721375
verify,0.720292
verify,0.718958
verify,0.721958
verify,0.720000
verify,0.719291
verify,0.722375
verify,0.720750
verify,0.687584
verify,0.707708
verify,0.719500
verify,0.726916
verify,0.726292
verify,0.720125
verify,0.719750
verify,0.718250
verify,0.722291
verify,0.720417
verify,0.719292
verify,0.719541
verify,0.720125
verify,0.720125
verify,0.718416
verify,0.719958
verify,0.719250
verify,0.719250
verify,0.727042
verify,0.720875
verify,0.722292
verify,0.717583
verify,0.731084
verify,0.708708
verify,0.679333
verify,0.706208
verify,0.709500
verify,0.678875
verify,0.720292
verify,0.710375
verify,0.722792
verify,0.712000
verify,0.724834
verify,0.720625
verify,0.680042
verify,0.719042
verify,0.720291
verify,0.721958
verify,0.710750
verify,0.711458
verify,0.722959
verify,0.717541
verify,0.718000
verify,0.710334
verify,0.722167
verify,0.725125
verify,0.696083
verify,0.687875
verify,0.704875
verify,0.720083
verify,0.702208
verify,0.718500
verify,0.719792
verify,0.711792
verify,0.721417
verify,0.721291
verify,0.723834
verify,0.718709
verify,0.721750
verify,0.725125
verify,0.720167
verify,0.719458
verify,0.723042
verify,0.718959
verify,0.721125
verify,0.721375
verify,0.721917
verify,0.720917
verify,0.721458
verify,0.720625
verify,0.707583
verify,0.703250
verify,0.723959
verify,0.712750
verify,0.712250
verify,0.710750
verify,0.723875
verify,0.719541
verify,0.722625
verify,0.718292
verify,0.713542
verify,0.723083
verify,0.713250
verify,0.733417
verify,0.720958
verify,0.728792
verify,0.720250
verify,0.721500
verify,0.720292
verify,0.721625
verify,0.719500
verify,0.719334
verify,0.727333
verify,0.669833
verify,0.694792
verify,0.701709
verify,0.702250
verify,0.715459
verify,0.723000
verify,0.710334
verify,0.722666
verify,0.703500
verify,0.722209
verify,0.705666
verify,0.721209
verify,0.710625
verify,0.725125
verify,0.718667
verify,0.713042
verify,0.722542
verify,0.709959
verify,0.718625
verify,0.721042
verify,0.718792
verify,0.723459
verify,0.737958
verify,0.674625
verify,0.695584
verify,0.718916
verify,0.714167
verify,0.724875
verify,0.713500
verify,0.712042
verify,0.722208
verify,0.709834
verify,0.720666
verify,0.719166
verify,0.719250
verify,0.723042
verify,0.727959
verify,0.719250
verify,0.722416
verify,0.720791
verify,0.719833
verify,0.723375
verify,0.719416
verify,0.724333
verify,0.718709
verify,0.738416
verify,0.720125
verify,0.719542
verify,0.717792
verify,0.720833
verify,0.728500
verify,0.720667
verify,0.721125
verify,0.721167
verify,0.721458
verify,0.718625
verify,0.719542
verify,0.720000
verify,0.722500
verify,0.720542
verify,0.721042
verify,0.719625
verify,0.718334
verify,0.720916
verify,0.729750
verify,0.723166
verify,0.720084
verify,0.722333
verify,0.725833
verify,0.720208
verify,0.720208
verify,0.724541
verify,0.719084
verify,0.723625
verify,0.717958
verify,0.719584
verify,0.720375
verify,0.718666
verify,0.728500
verify,0.723625
verify,0.719500
verify,0.723792
verify,0.721750
verify,0.720041
verify,0.721500
verify,0.720709
verify,0.719208
verify,0.723750
verify,0.719792
verify,0.722125
verify,0.737000
verify,0.724291
verify,0.725084
verify,0.732625
verify,0.719666
verify,0.723041
verify,0.728375
verify,0.720541
verify,0.722584
verify,0.719792
verify,0.723167
verify,0.723000
verify,0.718833
verify,0.718917
verify,0.721792
verify,0.724917
verify,0.719541
verify,0.723167
verify,0.718792
verify,0.723375
verify,0.719458
verify,0.720625
verify,0.719209
verify,0.720083
verify,0.718708
verify,0.727000
verify,0.719542
verify,0.723916
verify,0.718625
verify,0.729000
verify,0.721583
verify,0.722750
verify,0.718292
verify,0.724125
verify,0.717833
verify,0.720667
verify,0.722166
verify,0.720500
verify,0.721708
verify,0.717333
verify,0.720125
verify,0.724291
verify,0.718250
verify,0.730250
verify,0.723000
verify,0.740208
verify,0.721417
verify,0.719292
verify,0.727667
verify,0.723250
verify,0.719125
verify,0.720209
verify,0.722084
verify,0.720416
verify,0.718375
verify,0.723084
verify,0.719000
verify,0.731875
verify,0.719125
verify,0.719334
verify,0.722333
verify,0.720042
verify,0.719916
verify,0.722458
verify,0.718792
verify,0.722334
verify,0.721666
verify,0.720417
verify,0.721375
verify,0.719750
verify,0.719000
verify,0.730250
verify,0.719458
verify,0.722417
verify,0.723084
verify,0.718750
verify,0.718209
verify,0.723041
verify,0.718750
verify,0.721209
verify,0.722041
verify,0.721250
verify,0.721916
verify,0.719333
verify,0.718834
verify,0.728708
verify,0.719458
verify,0.719584
verify,0.718166
verify,0.720542
verify,0.721125
verify,0.734333
verify,0.719500
verify,0.724625
verify,0.718167
verify,0.719375
